city_state,name,m_type,state_abrev,state_full
"Abbeville city, Georgia",Abbeville,city,GA,Georgia
"Acworth city, Georgia",Acworth,city,GA,Georgia
"Adairsville city, Georgia",Adairsville,city,GA,Georgia
"Adel city, Georgia",Adel,city,GA,Georgia
"Adrian city, Georgia",Adrian,city,GA,Georgia
"Ailey city, Georgia",Ailey,city,GA,Georgia
"Alamo town, Georgia",Alamo,town,GA,Georgia
"Alapaha town, Georgia",Alapaha,town,GA,Georgia
"Albany city, Georgia",Albany,city,GA,Georgia
"Aldora town, Georgia",Aldora,town,GA,Georgia
"Allenhurst city, Georgia",Allenhurst,city,GA,Georgia
"Allentown city, Georgia",Allentown,city,GA,Georgia
"Alma city, Georgia",Alma,city,GA,Georgia
"Alpharetta city, Georgia",Alpharetta,city,GA,Georgia
"Alston town, Georgia",Alston,town,GA,Georgia
"Alto town, Georgia",Alto,town,GA,Georgia
"Ambrose city, Georgia",Ambrose,city,GA,Georgia
"Americus city, Georgia",Americus,city,GA,Georgia
"Andersonville city, Georgia",Andersonville,city,GA,Georgia
"Arabi town, Georgia",Arabi,town,GA,Georgia
"Aragon city, Georgia",Aragon,city,GA,Georgia
"Arcade city, Georgia",Arcade,city,GA,Georgia
"Argyle town, Georgia",Argyle,town,GA,Georgia
"Arlington city, Georgia",Arlington,city,GA,Georgia
"Arnoldsville city, Georgia",Arnoldsville,city,GA,Georgia
"Ashburn city, Georgia",Ashburn,city,GA,Georgia
"Athens-Clarke County unified government (balance), Georgia",Athens-Clarke County,county,GA,Georgia
"Atlanta city, Georgia",Atlanta,city,GA,Georgia
"Attapulgus city, Georgia",Attapulgus,city,GA,Georgia
"Auburn city, Georgia",Auburn,city,GA,Georgia
"Augusta-Richmond County consolidated government (balance), Georgia",Augusta-Richmond County,county,GA,Georgia
"Austell city, Georgia",Austell,city,GA,Georgia
"Avalon town, Georgia",Avalon,town,GA,Georgia
"Avera city, Georgia",Avera,city,GA,Georgia
"Avondale Estates city, Georgia",Avondale Estates,city,GA,Georgia
"Baconton city, Georgia",Baconton,city,GA,Georgia
"Bainbridge city, Georgia",Bainbridge,city,GA,Georgia
"Baldwin city, Georgia",Baldwin,city,GA,Georgia
"Ball Ground city, Georgia",Ball Ground,city,GA,Georgia
"Barnesville city, Georgia",Barnesville,city,GA,Georgia
"Bartow town, Georgia",Bartow,town,GA,Georgia
"Barwick city, Georgia",Barwick,city,GA,Georgia
"Baxley city, Georgia",Baxley,city,GA,Georgia
"Bellville city, Georgia",Bellville,city,GA,Georgia
"Berkeley Lake city, Georgia",Berkeley Lake,city,GA,Georgia
"Berlin city, Georgia",Berlin,city,GA,Georgia
"Bethlehem town, Georgia",Bethlehem,town,GA,Georgia
"Between town, Georgia",Between,town,GA,Georgia
"Bishop town, Georgia",Bishop,town,GA,Georgia
"Blackshear city, Georgia",Blackshear,city,GA,Georgia
"Blairsville city, Georgia",Blairsville,city,GA,Georgia
"Blakely city, Georgia",Blakely,city,GA,Georgia
"Bloomingdale city, Georgia",Bloomingdale,city,GA,Georgia
"Blue Ridge city, Georgia",Blue Ridge,city,GA,Georgia
"Bluffton town, Georgia",Bluffton,town,GA,Georgia
"Blythe city, Georgia",Blythe,city,GA,Georgia
"Bogart town, Georgia",Bogart,town,GA,Georgia
"Boston city, Georgia",Boston,city,GA,Georgia
"Bostwick city, Georgia",Bostwick,city,GA,Georgia
"Bowdon city, Georgia",Bowdon,city,GA,Georgia
"Bowersville town, Georgia",Bowersville,town,GA,Georgia
"Bowman city, Georgia",Bowman,city,GA,Georgia
"Braselton town, Georgia",Braselton,town,GA,Georgia
"Braswell town, Georgia",Braswell,town,GA,Georgia
"Bremen city, Georgia",Bremen,city,GA,Georgia
"Brinson town, Georgia",Brinson,town,GA,Georgia
"Bronwood town, Georgia",Bronwood,town,GA,Georgia
"Brookhaven city, Georgia",Brookhaven,city,GA,Georgia
"Brooklet city, Georgia",Brooklet,city,GA,Georgia
"Brooks town, Georgia",Brooks,town,GA,Georgia
"Broxton city, Georgia",Broxton,city,GA,Georgia
"Brunswick city, Georgia",Brunswick,city,GA,Georgia
"Buchanan city, Georgia",Buchanan,city,GA,Georgia
"Buckhead town, Georgia",Buckhead,town,GA,Georgia
"Buena Vista city, Georgia",Buena Vista,city,GA,Georgia
"Buford city, Georgia",Buford,city,GA,Georgia
"Butler city, Georgia",Butler,city,GA,Georgia
"Byromville town, Georgia",Byromville,town,GA,Georgia
"Byron city, Georgia",Byron,city,GA,Georgia
"Cadwell town, Georgia",Cadwell,town,GA,Georgia
"Cairo city, Georgia",Cairo,city,GA,Georgia
"Calhoun city, Georgia",Calhoun,city,GA,Georgia
"Camak town, Georgia",Camak,town,GA,Georgia
"Camilla city, Georgia",Camilla,city,GA,Georgia
"Canon city, Georgia",Canon,city,GA,Georgia
"Canton city, Georgia",Canton,city,GA,Georgia
"Carl town, Georgia",Carl,town,GA,Georgia
"Carlton city, Georgia",Carlton,city,GA,Georgia
"Carnesville city, Georgia",Carnesville,city,GA,Georgia
"Carrollton city, Georgia",Carrollton,city,GA,Georgia
"Cartersville city, Georgia",Cartersville,city,GA,Georgia
"Cave Spring city, Georgia",Cave Spring,city,GA,Georgia
"Cecil city, Georgia",Cecil,city,GA,Georgia
"Cedartown city, Georgia",Cedartown,city,GA,Georgia
"Centerville city, Georgia",Centerville,city,GA,Georgia
"Centralhatchee town, Georgia",Centralhatchee,town,GA,Georgia
"Chamblee city, Georgia",Chamblee,city,GA,Georgia
"Chatsworth city, Georgia",Chatsworth,city,GA,Georgia
"Chattahoochee Hills city, Georgia",Chattahoochee HIlls,city,GA,Georgia
"Chauncey city, Georgia",Chauncey,city,GA,Georgia
"Chester town, Georgia",Chester,town,GA,Georgia
"Chickamauga city, Georgia",Chickamauga,city,GA,Georgia
"Clarkesville city, Georgia",Clarkesville,city,GA,Georgia
"Clarkston city, Georgia",Clarkston,city,GA,Georgia
"Claxton city, Georgia",Claxton,city,GA,Georgia
"Clayton city, Georgia",Clayton,city,GA,Georgia
"Clermont town, Georgia",Clermont,town,GA,Georgia
"Cleveland city, Georgia",Cleveland,city,GA,Georgia
"Climax city, Georgia",Climax,city,GA,Georgia
"Cobbtown city, Georgia",Cobbtown,city,GA,Georgia
"Cochran city, Georgia",Cochran,city,GA,Georgia
"Cohutta city, Georgia",Cohutta,city,GA,Georgia
"Colbert city, Georgia",Colbert,city,GA,Georgia
"College Park city, Georgia",College Park,city,GA,Georgia
"Collins city, Georgia",Collins,city,GA,Georgia
"Colquitt city, Georgia",Colquitt,city,GA,Georgia
"Columbus city, Georgia",Columbus,city,GA,Georgia
"Comer city, Georgia",Comer,city,GA,Georgia
"Commerce city, Georgia",Commerce,city,GA,Georgia
"Concord city, Georgia",Concord,city,GA,Georgia
"Conyers city, Georgia",Conyers,city,GA,Georgia
"Coolidge city, Georgia",Coolidge,city,GA,Georgia
"Cordele city, Georgia",Cordele,city,GA,Georgia
"Cornelia city, Georgia",Cornelia,city,GA,Georgia
"Covington city, Georgia",Covington,city,GA,Georgia
"Crawford city, Georgia",Crawford,city,GA,Georgia
"Crawfordville city, Georgia",Crawfordville,city,GA,Georgia
"Culloden city, Georgia",Culloden,city,GA,Georgia
"Cumming city, Georgia",Cumming,city,GA,Georgia
"Cusseta-Chattahoochee County unified government, Georgia",Cusseta-Chattahoochee County,county,GA,Georgia
"Cuthbert city, Georgia",Cuthbert,city,GA,Georgia
"Dacula city, Georgia",Dacula,city,GA,Georgia
"Dahlonega city, Georgia",Dahlonega,city,GA,Georgia
"Daisy city, Georgia",Daisy,city,GA,Georgia
"Dallas city, Georgia",Dallas,city,GA,Georgia
"Dalton city, Georgia",Dalton,city,GA,Georgia
"Damascus city, Georgia",Damascus,city,GA,Georgia
"Danielsville city, Georgia",Danielsville,city,GA,Georgia
"Danville town, Georgia",Danville,town,GA,Georgia
"Darien city, Georgia",Darien,city,GA,Georgia
"Dasher town, Georgia",Dasher,town,GA,Georgia
"Davisboro city, Georgia",Davisboro,city,GA,Georgia
"Dawson city, Georgia",Dawson,city,GA,Georgia
"Dawsonville city, Georgia",Dawsonville,city,GA,Georgia
"Dearing town, Georgia",Dearing,town,GA,Georgia
"Decatur city, Georgia",Decatur,city,GA,Georgia
"Deepstep town, Georgia",Deepstep,town,GA,Georgia
"Demorest city, Georgia",Demorest,city,GA,Georgia
"Denton city, Georgia",Denton,city,GA,Georgia
"De Soto city, Georgia",De Soto,city,GA,Georgia
"Dexter town, Georgia",Dexter,town,GA,Georgia
"Dillard city, Georgia",Dillard,city,GA,Georgia
"Doerun city, Georgia",Doerun,city,GA,Georgia
"Donalsonville city, Georgia",Donalsonville,city,GA,Georgia
"Dooling town, Georgia",Dooling,town,GA,Georgia
"Doraville city, Georgia",Doraville,city,GA,Georgia
"Douglas city, Georgia",Douglas,city,GA,Georgia
"Douglasville city, Georgia",Douglasville,city,GA,Georgia
"Dublin city, Georgia",Dublin,city,GA,Georgia
"Dudley city, Georgia",Dudley,city,GA,Georgia
"Duluth city, Georgia",Duluth,city,GA,Georgia
"Dunwoody city, Georgia",Dunwoody,city,GA,Georgia
"Du Pont town, Georgia",Du Pont,town,GA,Georgia
"East Dublin city, Georgia",East Dublin,city,GA,Georgia
"East Ellijay city, Georgia",East Ellijay,city,GA,Georgia
"Eastman city, Georgia",Eastman,city,GA,Georgia
"East Point city, Georgia",East Point,city,GA,Georgia
"Eatonton city, Georgia",Eatonton,city,GA,Georgia
"Echols County consolidated government, Georgia",Echols County,county,GA,Georgia
"Edge Hill city, Georgia",Edge Hill,city,GA,Georgia
"Edison city, Georgia",Edison,city,GA,Georgia
"Elberton city, Georgia",Elberton,city,GA,Georgia
"Ellaville city, Georgia",Ellaville,city,GA,Georgia
"Ellenton town, Georgia",Ellenton,town,GA,Georgia
"Ellijay city, Georgia",Ellijay,city,GA,Georgia
"Emerson city, Georgia",Emerson,city,GA,Georgia
"Enigma town, Georgia",Enigma,town,GA,Georgia
"Ephesus city, Georgia",Ephesus,city,GA,Georgia
"Eton city, Georgia",Eton,city,GA,Georgia
"Euharlee city, Georgia",Euharlee,city,GA,Georgia
"Fairburn city, Georgia",Fairburn,city,GA,Georgia
"Fairmount city, Georgia",Fairmount,city,GA,Georgia
"Fargo city, Georgia",Fargo,city,GA,Georgia
"Fayetteville city, Georgia",Fayetteville,city,GA,Georgia
"Fitzgerald city, Georgia",Fitzgerald,city,GA,Georgia
"Flemington city, Georgia",Flemington,city,GA,Georgia
"Flovilla city, Georgia",Flovilla,city,GA,Georgia
"Flowery Branch city, Georgia",Flowery Branch,city,GA,Georgia
"Folkston city, Georgia",Folkston,city,GA,Georgia
"Forest Park city, Georgia",Forest Park,city,GA,Georgia
"Forsyth city, Georgia",Forsyth,city,GA,Georgia
"Fort Gaines city, Georgia",Fort Gaines,city,GA,Georgia
"Fort Oglethorpe city, Georgia",Fort Ogelthorpe,city,GA,Georgia
"Fort Valley city, Georgia",Fort Valley,city,GA,Georgia
"Franklin city, Georgia",Franklin,city,GA,Georgia
"Franklin Springs city, Georgia",Franklin Springs,city,GA,Georgia
"Funston city, Georgia",Funston,city,GA,Georgia
"Gainesville city, Georgia",Gainesville,city,GA,Georgia
"Garden City city, Georgia",Garden City,city,GA,Georgia
"Garfield city, Georgia",Garfield,city,GA,Georgia
"Gay town, Georgia",Gay,town,GA,Georgia
"Geneva town, Georgia",Geneva,town,GA,Georgia
"Georgetown-Quitman County unified government, Georgia",Georgetown-Quitman County,county,GA,Georgia
"Gibson city, Georgia",Gibson,city,GA,Georgia
"Gillsville city, Georgia",Gillsville,city,GA,Georgia
"Girard town, Georgia",Girard,town,GA,Georgia
"Glennville city, Georgia",Glennville,city,GA,Georgia
"Glenwood city, Georgia",Glenwood,city,GA,Georgia
"Good Hope city, Georgia",Good Hope,city,GA,Georgia
"Gordon city, Georgia",Gordon,city,GA,Georgia
"Graham city, Georgia",Graham,city,GA,Georgia
"Grantville city, Georgia",Grantville,city,GA,Georgia
"Gray city, Georgia",Gray,city,GA,Georgia
"Grayson city, Georgia",Grayson,city,GA,Georgia
"Greensboro city, Georgia",Greensboro,city,GA,Georgia
"Greenville city, Georgia",Greenville,city,GA,Georgia
"Griffin city, Georgia",Griffin,city,GA,Georgia
"Grovetown city, Georgia",Grovetown,city,GA,Georgia
"Gumbranch city, Georgia",Gumbranch,city,GA,Georgia
"Guyton city, Georgia",Guyton,city,GA,Georgia
"Hagan city, Georgia",Hagan,city,GA,Georgia
"Hahira city, Georgia",Hahira,city,GA,Georgia
"Hamilton city, Georgia",Hamilton,city,GA,Georgia
"Hampton city, Georgia",Hampton,city,GA,Georgia
"Hapeville city, Georgia",Hapeville,city,GA,Georgia
"Haralson town, Georgia",Haralson,town,GA,Georgia
"Harlem city, Georgia",Harlem,city,GA,Georgia
"Harrison town, Georgia",Harrison,town,GA,Georgia
"Hartwell city, Georgia",Hartwell,city,GA,Georgia
"Hawkinsville city, Georgia",Hawkinsville,city,GA,Georgia
"Hazlehurst city, Georgia",Hazlehurst,city,GA,Georgia
"Helen city, Georgia",Helen,city,GA,Georgia
"Hephzibah city, Georgia",Hephzibah,city,GA,Georgia
"Hiawassee city, Georgia",Hiawassee,city,GA,Georgia
"Higgston town, Georgia",Higgston,town,GA,Georgia
"Hiltonia town, Georgia",Hiltonia,town,GA,Georgia
"Hinesville city, Georgia",Hinesville,city,GA,Georgia
"Hiram city, Georgia",Hiram,city,GA,Georgia
"Hoboken city, Georgia",Hoboken,city,GA,Georgia
"Hogansville city, Georgia",Hogansville,city,GA,Georgia
"Holly Springs city, Georgia",Holly Springs,city,GA,Georgia
"Homeland city, Georgia",Homeland,city,GA,Georgia
"Homer town, Georgia",Homer,town,GA,Georgia
"Homerville city, Georgia",Homerville,city,GA,Georgia
"Hoschton city, Georgia",Hoschton,city,GA,Georgia
"Hull city, Georgia",Hull,city,GA,Georgia
"Ideal city, Georgia",Ideal,city,GA,Georgia
"Ila city, Georgia",Ila,city,GA,Georgia
"Iron City town, Georgia",Iron City,city,GA,Georgia
"Irwinton city, Georgia",Irwinton,city,GA,Georgia
"Ivey city, Georgia",Ivey,city,GA,Georgia
"Jackson city, Georgia",Jackson,city,GA,Georgia
"Jacksonville city, Georgia",Jacksonville,city,GA,Georgia
"Jakin city, Georgia",Jakin,city,GA,Georgia
"Jasper city, Georgia",Jasper,city,GA,Georgia
"Jefferson city, Georgia",Jefferson,city,GA,Georgia
"Jeffersonville city, Georgia",Jeffersonville,city,GA,Georgia
"Jenkinsburg city, Georgia",Jenkinsburg,city,GA,Georgia
"Jersey city, Georgia",Jersey,city,GA,Georgia
"Jesup city, Georgia",Jesup,city,GA,Georgia
"Johns Creek city, Georgia",Johns Creek,city,GA,Georgia
"Jonesboro city, Georgia",Jonesboro,city,GA,Georgia
"Junction City town, Georgia",Junction City,town,GA,Georgia
"Kennesaw city, Georgia",Kennesaw,city,GA,Georgia
"Keysville city, Georgia",Keysville,city,GA,Georgia
"Kingsland city, Georgia",Kingsland,city,GA,Georgia
"Kingston city, Georgia",Kingston,city,GA,Georgia
"Kite city, Georgia",Kite,city,GA,Georgia
"LaFayette city, Georgia",LaFayette,city,GA,Georgia
"LaGrange city, Georgia",LaGrange,city,GA,Georgia
"Lake City city, Georgia",Lake City,city,GA,Georgia
"Lakeland city, Georgia",Lakeland,city,GA,Georgia
"Lake Park city, Georgia",Lake Park,city,GA,Georgia
"Lavonia city, Georgia",Lavonia,city,GA,Georgia
"Lawrenceville city, Georgia",Lawrenceville,city,GA,Georgia
"Leary city, Georgia",Leary,city,GA,Georgia
"Leesburg city, Georgia",Leesburg,city,GA,Georgia
"Lenox town, Georgia",Lenox,town,GA,Georgia
"Leslie city, Georgia",Leslie,city,GA,Georgia
"Lexington city, Georgia",Lexington,city,GA,Georgia
"Lilburn city, Georgia",Lilburn,city,GA,Georgia
"Lilly city, Georgia",Lilly,city,GA,Georgia
"Lincolnton city, Georgia",Lincolnton,city,GA,Georgia
"Lithonia city, Georgia",Lithonia,city,GA,Georgia
"Locust Grove city, Georgia",Locust Grove,city,GA,Georgia
"Loganville city, Georgia",Loganville,city,GA,Georgia
"Lone Oak town, Georgia",Lone Oak,town,GA,Georgia
"Lookout Mountain city, Georgia",Lookout Mountain,city,GA,Georgia
"Louisville city, Georgia",Louisville,city,GA,Georgia
"Lovejoy city, Georgia",Lovejoy,city,GA,Georgia
"Ludowici city, Georgia",Ludowici,city,GA,Georgia
"Lula city, Georgia",Lula,city,GA,Georgia
"Lumber City city, Georgia",Lumber City,city,GA,Georgia
"Lumpkin city, Georgia",Lumpkin,city,GA,Georgia
"Luthersville city, Georgia",Luthersville,city,GA,Georgia
"Lyerly town, Georgia",Lyerly,town,GA,Georgia
"Lyons city, Georgia",Lyons,city,GA,Georgia
"McCaysville city, Georgia",McCaysville,city,GA,Georgia
"McDonough city, Georgia",McDonough,city,GA,Georgia
"McIntyre town, Georgia",McIntyre,town,GA,Georgia
"Macon-Bibb County, Georgia",Macon-Bibb County,county,GA,Georgia
"McRae-Helena city, Georgia",McRae-Helena,city,GA,Georgia
"Madison city, Georgia",Madison,city,GA,Georgia
"Manassas city, Georgia",Manassas,city,GA,Georgia
"Manchester city, Georgia",Manchester,city,GA,Georgia
"Mansfield city, Georgia",Mansfield,city,GA,Georgia
"Marietta city, Georgia",Marietta,city,GA,Georgia
"Marshallville city, Georgia",Marshallville,city,GA,Georgia
"Martin town, Georgia",Martin,town,GA,Georgia
"Maxeys town, Georgia",Maxeys,town,GA,Georgia
"Maysville town, Georgia",Maysville,town,GA,Georgia
"Meansville city, Georgia",Meansville,city,GA,Georgia
"Meigs city, Georgia",Meigs,city,GA,Georgia
"Menlo city, Georgia",Menlo,city,GA,Georgia
"Metter city, Georgia",Metter,city,GA,Georgia
"Midville city, Georgia",Midville,city,GA,Georgia
"Midway city, Georgia",Midway,city,GA,Georgia
"Milan city, Georgia",Milan,city,GA,Georgia
"Milledgeville city, Georgia",Milledgeville,city,GA,Georgia
"Millen city, Georgia",Millen,city,GA,Georgia
"Milner city, Georgia",Milner,city,GA,Georgia
"Milton city, Georgia",Milton,city,GA,Georgia
"Mitchell town, Georgia",Mitchell,town,GA,Georgia
"Molena city, Georgia",Molena,city,GA,Georgia
"Monroe city, Georgia",Monroe,city,GA,Georgia
"Montezuma city, Georgia",Montezuma,city,GA,Georgia
"Monticello city, Georgia",Monticello,city,GA,Georgia
"Montrose town, Georgia",Montrose,town,GA,Georgia
"Moreland town, Georgia",Moreland,town,GA,Georgia
"Morgan city, Georgia",Morgan,city,GA,Georgia
"Morganton city, Georgia",Morganton,city,GA,Georgia
"Morrow city, Georgia",Morrow,city,GA,Georgia
"Morven city, Georgia",Morven,city,GA,Georgia
"Moultrie city, Georgia",Moultrie,city,GA,Georgia
"Mountain City town, Georgia",Mountain City,town,GA,Georgia
"Mountain Park city, Georgia",Mountain Park,city,GA,Georgia
"Mount Airy town, Georgia",Mount Airy,town,GA,Georgia
"Mount Vernon city, Georgia",Mount Venon,city,GA,Georgia
"Mount Zion city, Georgia",Mount Zion,city,GA,Georgia
"Nahunta city, Georgia",Nahunta,city,GA,Georgia
"Nashville city, Georgia",Nashville,city,GA,Georgia
"Nelson city, Georgia",Nelson,city,GA,Georgia
"Newborn town, Georgia",Newborn,town,GA,Georgia
"Newington town, Georgia",Newington,town,GA,Georgia
"Newnan city, Georgia",Newnan,city,GA,Georgia
"Newton city, Georgia",Newton,city,GA,Georgia
"Nicholls city, Georgia",Nicholls,city,GA,Georgia
"Nicholson city, Georgia",Nicholson,city,GA,Georgia
"Norcross city, Georgia",Norcross,city,GA,Georgia
"Norman Park city, Georgia",Norman Park,city,GA,Georgia
"North High Shoals town, Georgia",North High Shoals,town,GA,Georgia
"Norwood city, Georgia",Norwood,city,GA,Georgia
"Nunez city, Georgia",Nunez,city,GA,Georgia
"Oak Park town, Georgia",Oak Park,town,GA,Georgia
"Oakwood city, Georgia",Oakwood,city,GA,Georgia
"Ochlocknee town, Georgia",Ochlocknee,town,GA,Georgia
"Ocilla city, Georgia",Ocilla,city,GA,Georgia
"Oconee city, Georgia",Oconee,city,GA,Georgia
"Odum city, Georgia",Odum,city,GA,Georgia
"Offerman city, Georgia",Offerman,city,GA,Georgia
"Oglethorpe city, Georgia",Oglethorpe,city,GA,Georgia
"Oliver city, Georgia",Oliver,city,GA,Georgia
"Omega city, Georgia",Omega,city,GA,Georgia
"Orchard Hill town, Georgia",Orchard Hill,town,GA,Georgia
"Oxford city, Georgia",Oxford,city,GA,Georgia
"Palmetto city, Georgia",Palmetto,city,GA,Georgia
"Parrott town, Georgia",Parrott,town,GA,Georgia
"Patterson city, Georgia",Patterson,city,GA,Georgia
"Pavo city, Georgia",Pavo,city,GA,Georgia
"Peachtree City city, Georgia",Peachtree City,city,GA,Georgia
"Peachtree Corners city, Georgia",Peachtree Corners,city,GA,Georgia
"Pearson city, Georgia",Pearson,city,GA,Georgia
"Pelham city, Georgia",Pelham,city,GA,Georgia
"Pembroke city, Georgia",Pembroke,city,GA,Georgia
"Pendergrass town, Georgia",Pendergrass,town,GA,Georgia
"Perry city, Georgia",Perry,city,GA,Georgia
"Pinehurst city, Georgia",Pinehurst,city,GA,Georgia
"Pine Lake city, Georgia",Pine Lake,city,GA,Georgia
"Pine Mountain town, Georgia",Pine Mountain,town,GA,Georgia
"Pineview town, Georgia",Pineview,town,GA,Georgia
"Pitts city, Georgia",Pitts,city,GA,Georgia
"Plains city, Georgia",Plains,city,GA,Georgia
"Plainville city, Georgia",Plainville,city,GA,Georgia
"Pooler city, Georgia",Pooler,city,GA,Georgia
"Portal town, Georgia",Portal,town,GA,Georgia
"Porterdale city, Georgia",Porterdale,city,GA,Georgia
"Port Wentworth city, Georgia",Port Wentworth,city,GA,Georgia
"Poulan city, Georgia",Poulan,city,GA,Georgia
"Powder Springs city, Georgia",Powder Springs,city,GA,Georgia
"Pulaski town, Georgia",Pulaski,town,GA,Georgia
"Quitman city, Georgia",Quitman,city,GA,Georgia
"Ranger town, Georgia",Ranger,town,GA,Georgia
"Ray City city, Georgia",Ray City,city,GA,Georgia
"Rayle town, Georgia",Rayle,town,GA,Georgia
"Rebecca town, Georgia",Rebecca,town,GA,Georgia
"Register town, Georgia",Register,town,GA,Georgia
"Reidsville city, Georgia",Reidsville,city,GA,Georgia
"Remerton city, Georgia",Remerton,city,GA,Georgia
"Rentz city, Georgia",Rentz,city,GA,Georgia
"Resaca town, Georgia",Resaca,town,GA,Georgia
"Rest Haven town, Georgia",Rest Haven,town,GA,Georgia
"Reynolds city, Georgia",Reynolds,city,GA,Georgia
"Rhine town, Georgia",Rhine,town,GA,Georgia
"Riceboro city, Georgia",Riceboro,city,GA,Georgia
"Richland city, Georgia",Richland,city,GA,Georgia
"Richmond Hill city, Georgia",Richmond Hil,city,GA,Georgia
"Riddleville town, Georgia",Riddleville,town,GA,Georgia
"Rincon city, Georgia",Rincon,city,GA,Georgia
"Ringgold city, Georgia",Ringgold,city,GA,Georgia
"Riverdale city, Georgia",Riverdale,city,GA,Georgia
"Roberta city, Georgia",Roberta,city,GA,Georgia
"Rochelle city, Georgia",Rochelle,city,GA,Georgia
"Rockmart city, Georgia",Rockmart,city,GA,Georgia
"Rocky Ford town, Georgia",Rocky Ford,town,GA,Georgia
"Rome city, Georgia",Rome,city,GA,Georgia
"Roopville town, Georgia",Roopville,town,GA,Georgia
"Rossville city, Georgia",Rossville,city,GA,Georgia
"Roswell city, Georgia",Roswell,city,GA,Georgia
"Royston city, Georgia",Royston,city,GA,Georgia
"Rutledge city, Georgia",Rutledge,city,GA,Georgia
"St. Marys city, Georgia",St. Marys,city,GA,Georgia
"Sale City city, Georgia",Sale City,city,GA,Georgia
"Sandersville city, Georgia",Sandersville,city,GA,Georgia
"Sandy Springs city, Georgia",Sandy Springs,city,GA,Georgia
"Santa Claus city, Georgia",Santa Claus,city,GA,Georgia
"Sardis city, Georgia",Sardis,city,GA,Georgia
"Sasser town, Georgia",Sasser,town,GA,Georgia
"Savannah city, Georgia",Savannah,city,GA,Georgia
"Scotland city, Georgia",Scotland,city,GA,Georgia
"Screven city, Georgia",Screven,city,GA,Georgia
"Senoia city, Georgia",Senoia,city,GA,Georgia
"Shady Dale town, Georgia",Shady Dale,town,GA,Georgia
"Sharon city, Georgia",Sharon,city,GA,Georgia
"Sharpsburg town, Georgia",Sharpsburg,town,GA,Georgia
"Shellman city, Georgia",Shellman,city,GA,Georgia
"Shiloh city, Georgia",Shiloh,city,GA,Georgia
"Siloam town, Georgia",Siloam,town,GA,Georgia
"Sky Valley city, Georgia",Sky  Valley,city,GA,Georgia
"Smithville city, Georgia",Smithville,city,GA,Georgia
"Smyrna city, Georgia",Smyrna,city,GA,Georgia
"Snellville city, Georgia",Snellville,city,GA,Georgia
"Social Circle city, Georgia",Social Circle,city,GA,Georgia
"Soperton city, Georgia",Soperton,city,GA,Georgia
"South Fulton city, Georgia",South Fulton,city,GA,Georgia
"Sparks town, Georgia",Sparks,town,GA,Georgia
"Sparta city, Georgia",Sparta,city,GA,Georgia
"Springfield city, Georgia",Springfield,city,GA,Georgia
"Stapleton city, Georgia",Stapleton,city,GA,Georgia
"Statesboro city, Georgia",Statesboro,city,GA,Georgia
"Statham city, Georgia",Statham,city,GA,Georgia
"Stillmore city, Georgia",Stillmore,city,GA,Georgia
"Stockbridge city, Georgia",Stockbridge,city,GA,Georgia
"Stonecrest city, Georgia",Stonecrest,city,GA,Georgia
"Stone Mountain city, Georgia",Stone Mountain,city,GA,Georgia
"Sugar Hill city, Georgia",Sugar,city,GA,Georgia
"Summertown city, Georgia",Summertown,city,GA,Georgia
"Summerville city, Georgia",Summerville,city,GA,Georgia
"Sumner town, Georgia",Sumner,town,GA,Georgia
"Sunny Side city, Georgia",Sunny Side,city,GA,Georgia
"Surrency town, Georgia",Surrency,town,GA,Georgia
"Suwanee city, Georgia",Suwanee,city,GA,Georgia
"Swainsboro city, Georgia",Swainsboro,city,GA,Georgia
"Sycamore city, Georgia",Sycamore,city,GA,Georgia
"Sylvania city, Georgia",Sylvania,city,GA,Georgia
"Sylvester city, Georgia",Sylvester,city,GA,Georgia
"Talbotton city, Georgia",Talbotton,city,GA,Georgia
"Talking Rock town, Georgia",Talking Rock,town,GA,Georgia
"Tallapoosa city, Georgia",Tallapoosa,city,GA,Georgia
"Tallulah Falls town, Georgia",Tallulah Falls,town,GA,Georgia
"Talmo town, Georgia",Talmo,town,GA,Georgia
"Tarrytown town, Georgia",Tarrytown,town,GA,Georgia
"Taylorsville town, Georgia",Taylorsville,town,GA,Georgia
"Temple city, Georgia",Temple,city,GA,Georgia
"Tennille city, Georgia",Tennille,city,GA,Georgia
"Thomaston city, Georgia",Thomaston,city,GA,Georgia
"Thomasville city, Georgia",Thomasville,city,GA,Georgia
"Thomson city, Georgia",Thomson,city,GA,Georgia
"Thunderbolt town, Georgia",Thunderbolt,town,GA,Georgia
"Tifton city, Georgia",Tifton,city,GA,Georgia
"Tiger town, Georgia",Tiger,town,GA,Georgia
"Tignall town, Georgia",Tignall,town,GA,Georgia
"Toccoa city, Georgia",Toccoa,city,GA,Georgia
"Toomsboro city, Georgia",Toomsboro,city,GA,Georgia
"Trenton city, Georgia",Trenton,city,GA,Georgia
"Trion town, Georgia",Trion,town,GA,Georgia
"Tucker city, Georgia",Tucker,city,GA,Georgia
"Tunnel Hill city, Georgia",Tunnel Hill,city,GA,Georgia
"Turin town, Georgia",Turin,town,GA,Georgia
"Twin City city, Georgia",Twin City,city,GA,Georgia
"Tybee Island city, Georgia",Tybee Island,city,GA,Georgia
"Tyrone town, Georgia",Tyrone,town,GA,Georgia
"Ty Ty city, Georgia",Ty Ty,city,GA,Georgia
"Unadilla city, Georgia",Unadilla,city,GA,Georgia
"Union City city, Georgia",Union City,city,GA,Georgia
"Union Point city, Georgia",Union Point,city,GA,Georgia
"Uvalda city, Georgia",Uvalda,city,GA,Georgia
"Valdosta city, Georgia",Valdosta,city,GA,Georgia
"Varnell city, Georgia",Varnell,city,GA,Georgia
"Vernonburg town, Georgia",Vernonburg,town,GA,Georgia
"Vidalia city, Georgia",Vidalia,city,GA,Georgia
"Vidette city, Georgia",Vidette,city,GA,Georgia
"Vienna city, Georgia",Vienna,city,GA,Georgia
"Villa Rica city, Georgia",Villa Rica,city,GA,Georgia
"Waco city, Georgia",Waco,city,GA,Georgia
"Wadley city, Georgia",Wadley,city,GA,Georgia
"Waleska city, Georgia",Waleska,city,GA,Georgia
"Walnut Grove city, Georgia",Walnut Grove,city,GA,Georgia
"Walthourville city, Georgia",Walthourville,city,GA,Georgia
"Warm Springs city, Georgia",Warm Springs,city,GA,Georgia
"Warner Robins city, Georgia",Warner Robins,city,GA,Georgia
"Warrenton city, Georgia",Warrenton,city,GA,Georgia
"Warwick city, Georgia",Warwick,city,GA,Georgia
"Washington city, Georgia",Washington,city,GA,Georgia
"Watkinsville city, Georgia",Watkinsville,city,GA,Georgia
"Waverly Hall town, Georgia",Waverly Hall,town,GA,Georgia
"Waycross city, Georgia",Waycross,city,GA,Georgia
"Waynesboro city, Georgia",Waynesboro,city,GA,Georgia
"Webster County unified government, Georgia",Webster County,county,GA,Georgia
"West Point city, Georgia",West Point,city,GA,Georgia
"Whigham city, Georgia",Whigham,city,GA,Georgia
"White city, Georgia",White,city,GA,Georgia
"White Plains city, Georgia",White Plains,city,GA,Georgia
"Whitesburg city, Georgia",Whitesburg,city,GA,Georgia
"Willacoochee city, Georgia",Willacoochee,city,GA,Georgia
"Williamson city, Georgia",Williamson,city,GA,Georgia
"Winder city, Georgia",Winder,city,GA,Georgia
"Winterville city, Georgia",Winterville,city,GA,Georgia
"Woodbine city, Georgia",Woodbine,city,GA,Georgia
"Woodbury city, Georgia",Woodbury,city,GA,Georgia
"Woodland city, Georgia",Woodland,city,GA,Georgia
"Woodstock city, Georgia",Woodstock,city,GA,Georgia
"Woodville city, Georgia",Woodville,city,GA,Georgia
"Woolsey town, Georgia",Woolsey,town,GA,Georgia
"Wrens city, Georgia",Wrens,city,GA,Georgia
"Wrightsville city, Georgia",Wrightsville,city,GA,Georgia
"Yatesville town, Georgia",Yatesville,town,GA,Georgia
"Young Harris city, Georgia",Young Harris,city,GA,Georgia
"Zebulon city, Georgia",Zebulon,city,GA,Georgia
